Pais,Populacao,Temperatura Media
Brazil,212559409,29.134999999999998
Argentina,45376763,24.685000000000002
Syria,17500657,10.775
France,67391582,6.62
Paraguay,7132530,38.215
El Salvador,6486201,27.924999999999997
Ukraine,44134693,2.245
United States,329484123,9.780000000000001
Ecuador,17643060,18.79
Colombia,50882884,16.91
